{"cameraMode":{"drawMode":0,"name":"Shaded","section":"Shading Mode"},"sceneLighting":true,"audioPlay":false,"sceneViewState":{"showFog":true,"showMaterialUpdate":true,"showSkybox":true,"showFlares":true,"showImageEffects":true,"showParticleSystems":true},"in2DMode":false,"pivot":{"x":0.11777377128601074,"y":0.6470604538917542,"z":0.015028595924377442},"rotation":{"x":-0.03695978969335556,"y":0.9022793769836426,"z":-0.07897847145795822,"w":-0.42224204540252688},"size":3.0768890380859377,"orthographic":false}